Title,Description,Link,Media URL,Pinterest board,Publish date
Grade 1 Addition Practice Worksheet (12 Problems) | Printable Practice,Teachers and parents love this Addition worksheet for Grade 1. Download and print instantly.,https://mathworksheetkidscoloringarchive.github.io/html/grade-1-addition-practice-worksheet-12-problems-6002.html,https://mathworksheetkidscoloringarchive.github.io/images/grade-1-addition-practice-worksheet-12-problems-6002.jpg,Kids Math Worksheets,03/17/2026 08:22:00 AM
Free Preschool Count and Color Worksheet,Fun and engaging Count and Color worksheet for Preschool. Perfect printable math practice.,https://mathworksheetkidscoloringarchive.github.io/html/free-preschool-count-and-color-worksheet-1525.html,https://mathworksheetkidscoloringarchive.github.io/images/free-preschool-count-and-color-worksheet-1525.jpg,Homeschool Math,03/17/2026 11:00:00 AM
Free Counting Objects Worksheet For Kindergarten Printable - Part 3 | Printable Practice,Help kids master Counting Objects with this printable worksheet for Kindergarten. Great for daily math practice.,https://mathworksheetkidscoloringarchive.github.io/html/free-counting-objects-worksheet-for-kindergarten-printable-part-3-3740.html,https://mathworksheetkidscoloringarchive.github.io/images/free-counting-objects-worksheet-for-kindergarten-printable-part-3-3740.jpg,Math Practice Printables,03/17/2026 01:30:00 PM
Printable Free 25 Division Math Worksheet For Grade 2 - Part 4 | Printable Practice,Teachers and parents love this Division worksheet for Grade 2. Download and print instantly.,https://mathworksheetkidscoloringarchive.github.io/html/printable-free-25-division-math-worksheet-for-grade-2-part-4-4910.html,https://mathworksheetkidscoloringarchive.github.io/images/printable-free-25-division-math-worksheet-for-grade-2-part-4-4910.jpg,Kids Math Worksheets,03/17/2026 04:25:00 PM
4 Math Questions for Students,Teachers and parents love this Math worksheet for Math. Download and print instantly.,https://mathworksheetkidscoloringarchive.github.io/html/4-math-questions-for-students-7256.html,https://mathworksheetkidscoloringarchive.github.io/images/4-math-questions-for-students-7256.jpg,Elementary Math Activities,03/17/2026 08:33:00 PM
Missing Number Math Worksheet,Free printable Missing Number worksheet for Grade 1. Perfect for homeschool practice and classroom activities.,https://mathworksheetkidscoloringarchive.github.io/html/missing-number-math-worksheet-3645.html,https://mathworksheetkidscoloringarchive.github.io/images/missing-number-math-worksheet-3645.jpg,Elementary Math Activities,03/18/2026 08:38:00 AM
Mixed Operations Math Worksheet,Help kids master Mixed Operations with this printable worksheet for Grade 3. Great for daily math practice.,https://mathworksheetkidscoloringarchive.github.io/html/mixed-operations-math-worksheet-7583.html,https://mathworksheetkidscoloringarchive.github.io/images/mixed-operations-math-worksheet-7583.jpg,Math Practice Printables,03/18/2026 11:04:00 AM
Free 18 Multiplication Math Worksheet For Grade 1 - Part 8 | Printable Practice,Teachers and parents love this Multiplication worksheet for Grade 1. Download and print instantly.,https://mathworksheetkidscoloringarchive.github.io/html/free-18-multiplication-math-worksheet-for-grade-1-part-8-3161.html,https://mathworksheetkidscoloringarchive.github.io/images/free-18-multiplication-math-worksheet-for-grade-1-part-8-3161.jpg,Math Practice Printables,03/18/2026 01:29:00 PM
Printable Free 20 Subtraction Math Worksheet For Grade 5 - Part 9 | Printable Practice,Teachers and parents love this Subtraction worksheet for Grade 5. Download and print instantly.,https://mathworksheetkidscoloringarchive.github.io/html/printable-free-20-subtraction-math-worksheet-for-grade-5-part-9-1391.html,https://mathworksheetkidscoloringarchive.github.io/images/printable-free-20-subtraction-math-worksheet-for-grade-5-part-9-1391.jpg,Printable Worksheets,03/18/2026 04:25:00 PM
Printable 3 Times Table Worksheet For Grade 2 - Part 10 | Printable Practice,Teachers and parents love this Times Table worksheet for Grade 2. Download and print instantly.,https://mathworksheetkidscoloringarchive.github.io/html/printable-3-times-table-worksheet-for-grade-2-part-10-8317.html,https://mathworksheetkidscoloringarchive.github.io/images/printable-3-times-table-worksheet-for-grade-2-part-10-8317.jpg,Elementary Math Activities,03/18/2026 08:26:00 PM
Printable Tracing Worksheet For Kids - Part 11 | Free Printable,Fun and engaging Tracing worksheet for Kindergarten. Perfect printable math practice.,https://mathworksheetkidscoloringarchive.github.io/html/printable-tracing-worksheet-for-kids-part-11-1649.html,https://mathworksheetkidscoloringarchive.github.io/images/printable-tracing-worksheet-for-kids-part-11-1649.jpg,Math Practice Printables,03/19/2026 08:38:00 AM
Math Word Problem Worksheet,Free printable Word Problem worksheet for Grade 3. Perfect for homeschool practice and classroom activities.,https://mathworksheetkidscoloringarchive.github.io/html/math-word-problem-worksheet-5695.html,https://mathworksheetkidscoloringarchive.github.io/images/math-word-problem-worksheet-5695.jpg,Kids Math Worksheets,03/19/2026 11:00:00 AM
Printable Free 18 Addition Math Worksheet For Grade 3 - Part 13 | Printable Practice,Teachers and parents love this Addition worksheet for Grade 3. Download and print instantly.,https://mathworksheetkidscoloringarchive.github.io/html/printable-free-18-addition-math-worksheet-for-grade-3-part-13-2510.html,https://mathworksheetkidscoloringarchive.github.io/images/printable-free-18-addition-math-worksheet-for-grade-3-part-13-2510.jpg,Elementary Math Activities,03/19/2026 01:32:00 PM
5 Free Count and Color Worksheets for Preschool,Teachers and parents love this Count and Color worksheet for Preschool. Download and print instantly.,https://mathworksheetkidscoloringarchive.github.io/html/5-free-count-and-color-worksheets-for-preschool-2930.html,https://mathworksheetkidscoloringarchive.github.io/images/5-free-count-and-color-worksheets-for-preschool-2930.jpg,Math Practice Printables,03/19/2026 04:29:00 PM
Kindergarten Count The Objects Worksheet - Part 15 | Printable Practice,Help kids master Counting Objects with this printable worksheet for Kindergarten. Great for daily math practice.,https://mathworksheetkidscoloringarchive.github.io/html/kindergarten-count-the-objects-worksheet-part-15-5477.html,https://mathworksheetkidscoloringarchive.github.io/images/kindergarten-count-the-objects-worksheet-part-15-5477.jpg,Homeschool Math,03/19/2026 08:35:00 PM
Free 26 Division Math Worksheet For Grade 2 - Part 16 | Printable Practice,Free printable Division worksheet for Grade 2. Perfect for homeschool practice and classroom activities.,https://mathworksheetkidscoloringarchive.github.io/html/free-26-division-math-worksheet-for-grade-2-part-16-5567.html,https://mathworksheetkidscoloringarchive.github.io/images/free-26-division-math-worksheet-for-grade-2-part-16-5567.jpg,Elementary Math Activities,03/20/2026 08:23:00 AM
Complete Mathematics Problem Set Worksheet (7 Questions),Fun and engaging Math worksheet for Math. Perfect printable math practice.,https://mathworksheetkidscoloringarchive.github.io/html/complete-mathematics-problem-set-worksheet-7-questions-6505.html,https://mathworksheetkidscoloringarchive.github.io/images/complete-mathematics-problem-set-worksheet-7-questions-6505.jpg,Homeschool Math,03/20/2026 11:00:00 AM
Missing Number Math Worksheet,Teachers and parents love this Missing Number worksheet for Grade 1. Download and print instantly.,https://mathworksheetkidscoloringarchive.github.io/html/missing-number-math-worksheet-1108.html,https://mathworksheetkidscoloringarchive.github.io/images/missing-number-math-worksheet-1108.jpg,Kids Math Worksheets,03/20/2026 01:35:00 PM
Mixed Operations Math Worksheet,Fun and engaging Mixed Operations worksheet for Grade 3. Perfect printable math practice.,https://mathworksheetkidscoloringarchive.github.io/html/mixed-operations-math-worksheet-9778.html,https://mathworksheetkidscoloringarchive.github.io/images/mixed-operations-math-worksheet-9778.jpg,Math Practice Printables,03/20/2026 04:26:00 PM
Printable Free 23 Multiplication Math Worksheet For Grade 1 - Part 20 | Printable Practice,Free printable Multiplication worksheet for Grade 1. Perfect for homeschool practice and classroom activities.,https://mathworksheetkidscoloringarchive.github.io/html/printable-free-23-multiplication-math-worksheet-for-grade-1-part-20-9023.html,https://mathworksheetkidscoloringarchive.github.io/images/printable-free-23-multiplication-math-worksheet-for-grade-1-part-20-9023.jpg,Elementary Math Activities,03/20/2026 08:32:00 PM
Printable Free 16 Subtraction Math Worksheet For Grade 5 - Part 21 | Printable Practice,Help kids master Subtraction with this printable worksheet for Grade 5. Great for daily math practice.,https://mathworksheetkidscoloringarchive.github.io/html/printable-free-16-subtraction-math-worksheet-for-grade-5-part-21-5975.html,https://mathworksheetkidscoloringarchive.github.io/images/printable-free-16-subtraction-math-worksheet-for-grade-5-part-21-5975.jpg,Elementary Math Activities,03/21/2026 08:26:00 AM
Grade 4 Multiplication Table 12 Practice - Part 22 | Printable Practice,Help kids master Times Table with this printable worksheet for Grade 4. Great for daily math practice.,https://mathworksheetkidscoloringarchive.github.io/html/grade-4-multiplication-table-12-practice-part-22-8348.html,https://mathworksheetkidscoloringarchive.github.io/images/grade-4-multiplication-table-12-practice-part-22-8348.jpg,Elementary Math Activities,03/21/2026 11:04:00 AM
Printable Tracing Worksheet For Kids - Part 23 | Free Printable,Free printable Tracing worksheet for Preschool. Perfect for homeschool practice and classroom activities.,https://mathworksheetkidscoloringarchive.github.io/html/printable-tracing-worksheet-for-kids-part-23-2391.html,https://mathworksheetkidscoloringarchive.github.io/images/printable-tracing-worksheet-for-kids-part-23-2391.jpg,Printable Worksheets,03/21/2026 01:26:00 PM
Math Word Problem Worksheet,Teachers and parents love this Word Problem worksheet for Grade 3. Download and print instantly.,https://mathworksheetkidscoloringarchive.github.io/html/math-word-problem-worksheet-1712.html,https://mathworksheetkidscoloringarchive.github.io/images/math-word-problem-worksheet-1712.jpg,Math Practice Printables,03/21/2026 04:36:00 PM
Free 27 Addition Math Worksheet For Grade 1 With Answers - Part 25 | Printable Practice,Fun and engaging Addition worksheet for Grade 1. Perfect printable math practice.,https://mathworksheetkidscoloringarchive.github.io/html/free-27-addition-math-worksheet-for-grade-1-with-answers-part-25-7935.html,https://mathworksheetkidscoloringarchive.github.io/images/free-27-addition-math-worksheet-for-grade-1-with-answers-part-25-7935.jpg,Printable Worksheets,03/21/2026 08:31:00 PM
4 Free Count and Color Worksheets for Preschool,Help kids master Count and Color with this printable worksheet for Preschool. Great for daily math practice.,https://mathworksheetkidscoloringarchive.github.io/html/4-free-count-and-color-worksheets-for-preschool-6166.html,https://mathworksheetkidscoloringarchive.github.io/images/4-free-count-and-color-worksheets-for-preschool-6166.jpg,Math Practice Printables,03/22/2026 08:25:00 AM
Free Counting Objects Worksheet For Pre-K - Part 27 | Printable Practice,Free printable Counting Objects worksheet for Pre-K. Perfect for homeschool practice and classroom activities.,https://mathworksheetkidscoloringarchive.github.io/html/free-counting-objects-worksheet-for-pre-k-part-27-4967.html,https://mathworksheetkidscoloringarchive.github.io/images/free-counting-objects-worksheet-for-pre-k-part-27-4967.jpg,Kids Math Worksheets,03/22/2026 11:00:00 AM
Printable Free 24 Division Math Worksheet For Grade 2 - Part 28 | Printable Practice,Help kids master Division with this printable worksheet for Grade 2. Great for daily math practice.,https://mathworksheetkidscoloringarchive.github.io/html/printable-free-24-division-math-worksheet-for-grade-2-part-28-4475.html,https://mathworksheetkidscoloringarchive.github.io/images/printable-free-24-division-math-worksheet-for-grade-2-part-28-4475.jpg,Homeschool Math,03/22/2026 01:31:00 PM
Challenging Math Trivia Worksheet (4 Questions),Help kids master Math with this printable worksheet for Math. Great for daily math practice.,https://mathworksheetkidscoloringarchive.github.io/html/challenging-math-trivia-worksheet-4-questions-6223.html,https://mathworksheetkidscoloringarchive.github.io/images/challenging-math-trivia-worksheet-4-questions-6223.jpg,Math Practice Printables,03/22/2026 04:26:00 PM
Missing Number Math Worksheet,Free printable Missing Number worksheet for Grade 1. Perfect for homeschool practice and classroom activities.,https://mathworksheetkidscoloringarchive.github.io/html/missing-number-math-worksheet-9778.html,https://mathworksheetkidscoloringarchive.github.io/images/missing-number-math-worksheet-9778.jpg,Math Practice Printables,03/22/2026 08:23:00 PM
Mixed Operations Math Worksheet,Free printable Mixed Operations worksheet for Grade 3. Perfect for homeschool practice and classroom activities.,https://mathworksheetkidscoloringarchive.github.io/html/mixed-operations-math-worksheet-9450.html,https://mathworksheetkidscoloringarchive.github.io/images/mixed-operations-math-worksheet-9450.jpg,Kids Math Worksheets,03/23/2026 08:27:00 AM
Grade 2 Multiplication Practice Worksheet (20 Problems) - Part 32 | Printable Practice,Help kids master Multiplication with this printable worksheet for Grade 2. Great for daily math practice.,https://mathworksheetkidscoloringarchive.github.io/html/grade-2-multiplication-practice-worksheet-20-problems-part-32-1230.html,https://mathworksheetkidscoloringarchive.github.io/images/grade-2-multiplication-practice-worksheet-20-problems-part-32-1230.jpg,Printable Worksheets,03/23/2026 11:00:00 AM
Grade 5 Subtraction Practice Worksheet (22 Problems) - Part 33 | Printable Practice,Fun and engaging Subtraction worksheet for Grade 5. Perfect printable math practice.,https://mathworksheetkidscoloringarchive.github.io/html/grade-5-subtraction-practice-worksheet-22-problems-part-33-6183.html,https://mathworksheetkidscoloringarchive.github.io/images/grade-5-subtraction-practice-worksheet-22-problems-part-33-6183.jpg,Homeschool Math,03/23/2026 01:23:00 PM
Grade 2 Multiplication Table 4 Practice - Part 34 | Printable Practice,Free printable Times Table worksheet for Grade 2. Perfect for homeschool practice and classroom activities.,https://mathworksheetkidscoloringarchive.github.io/html/grade-2-multiplication-table-4-practice-part-34-4945.html,https://mathworksheetkidscoloringarchive.github.io/images/grade-2-multiplication-table-4-practice-part-34-4945.jpg,Math Practice Printables,03/23/2026 04:23:00 PM
Printable Tracing Worksheet For Kids - Part 35 | Free Printable,Teachers and parents love this Tracing worksheet for Kindergarten. Download and print instantly.,https://mathworksheetkidscoloringarchive.github.io/html/printable-tracing-worksheet-for-kids-part-35-4081.html,https://mathworksheetkidscoloringarchive.github.io/images/printable-tracing-worksheet-for-kids-part-35-4081.jpg,Elementary Math Activities,03/23/2026 08:35:00 PM
Math Word Problem Worksheet,Free printable Word Problem worksheet for Grade 3. Perfect for homeschool practice and classroom activities.,https://mathworksheetkidscoloringarchive.github.io/html/math-word-problem-worksheet-3184.html,https://mathworksheetkidscoloringarchive.github.io/images/math-word-problem-worksheet-3184.jpg,Kids Math Worksheets,03/24/2026 08:24:00 AM
Grade 3 Addition Practice Worksheet (29 Problems) - Part 37 | Printable Practice,Teachers and parents love this Addition worksheet for Grade 3. Download and print instantly.,https://mathworksheetkidscoloringarchive.github.io/html/grade-3-addition-practice-worksheet-29-problems-part-37-9223.html,https://mathworksheetkidscoloringarchive.github.io/images/grade-3-addition-practice-worksheet-29-problems-part-37-9223.jpg,Homeschool Math,03/24/2026 11:00:00 AM
"Count and Color Flower, Square, Apple Worksheet for Kids",Fun and engaging Count and Color worksheet for Grade 1. Perfect printable math practice.,https://mathworksheetkidscoloringarchive.github.io/html/count-and-color-flower-square-apple-worksheet-for-kids-8814.html,https://mathworksheetkidscoloringarchive.github.io/images/count-and-color-flower-square-apple-worksheet-for-kids-8814.jpg,Math Practice Printables,03/24/2026 01:36:00 PM
Free Counting Objects Worksheet For Pre-K - Part 39 | Printable Practice,Teachers and parents love this Counting Objects worksheet for Pre-K. Download and print instantly.,https://mathworksheetkidscoloringarchive.github.io/html/free-counting-objects-worksheet-for-pre-k-part-39-6184.html,https://mathworksheetkidscoloringarchive.github.io/images/free-counting-objects-worksheet-for-pre-k-part-39-6184.jpg,Kids Math Worksheets,03/24/2026 04:35:00 PM
Grade 1 Division Practice Worksheet (14 Problems) - Part 40 | Printable Practice,Teachers and parents love this Division worksheet for Grade 1. Download and print instantly.,https://mathworksheetkidscoloringarchive.github.io/html/grade-1-division-practice-worksheet-14-problems-part-40-8520.html,https://mathworksheetkidscoloringarchive.github.io/images/grade-1-division-practice-worksheet-14-problems-part-40-8520.jpg,Homeschool Math,03/24/2026 08:22:00 PM
Complete Math Challenge Worksheet (4 Questions),Printable Math worksheet designed for Math students. Easy and fun math practice.,https://mathworksheetkidscoloringarchive.github.io/html/complete-math-challenge-worksheet-4-questions-6084.html,https://mathworksheetkidscoloringarchive.github.io/images/complete-math-challenge-worksheet-4-questions-6084.jpg,Homeschool Math,03/25/2026 08:25:00 AM
Missing Number Math Worksheet,Free printable Missing Number worksheet for Grade 1. Perfect for homeschool practice and classroom activities.,https://mathworksheetkidscoloringarchive.github.io/html/missing-number-math-worksheet-2992.html,https://mathworksheetkidscoloringarchive.github.io/images/missing-number-math-worksheet-2992.jpg,Math Practice Printables,03/25/2026 11:07:00 AM
Mixed Operations Math Worksheet,Printable Mixed Operations worksheet designed for Grade 3 students. Easy and fun math practice.,https://mathworksheetkidscoloringarchive.github.io/html/mixed-operations-math-worksheet-9971.html,https://mathworksheetkidscoloringarchive.github.io/images/mixed-operations-math-worksheet-9971.jpg,Elementary Math Activities,03/25/2026 01:29:00 PM
Free 26 Multiplication Math Worksheet For Grade 2 - Part 44 | Printable Practice,Fun and engaging Multiplication worksheet for Grade 2. Perfect printable math practice.,https://mathworksheetkidscoloringarchive.github.io/html/free-26-multiplication-math-worksheet-for-grade-2-part-44-3119.html,https://mathworksheetkidscoloringarchive.github.io/images/free-26-multiplication-math-worksheet-for-grade-2-part-44-3119.jpg,Kids Math Worksheets,03/25/2026 04:29:00 PM
Free 21 Subtraction Math Worksheet For Grade 5 - Part 45 | Printable Practice,Help kids master Subtraction with this printable worksheet for Grade 5. Great for daily math practice.,https://mathworksheetkidscoloringarchive.github.io/html/free-21-subtraction-math-worksheet-for-grade-5-part-45-1847.html,https://mathworksheetkidscoloringarchive.github.io/images/free-21-subtraction-math-worksheet-for-grade-5-part-45-1847.jpg,Elementary Math Activities,03/25/2026 08:27:00 PM
Printable 11 Times Table Worksheet For Grade 4 - Part 46 | Printable Practice,Fun and engaging Times Table worksheet for Grade 4. Perfect printable math practice.,https://mathworksheetkidscoloringarchive.github.io/html/printable-11-times-table-worksheet-for-grade-4-part-46-8978.html,https://mathworksheetkidscoloringarchive.github.io/images/printable-11-times-table-worksheet-for-grade-4-part-46-8978.jpg,Math Practice Printables,03/26/2026 08:38:00 AM
Printable Tracing Worksheet For Kids - Part 47 | Free Printable,Teachers and parents love this Tracing worksheet for Preschool. Download and print instantly.,https://mathworksheetkidscoloringarchive.github.io/html/printable-tracing-worksheet-for-kids-part-47-1531.html,https://mathworksheetkidscoloringarchive.github.io/images/printable-tracing-worksheet-for-kids-part-47-1531.jpg,Homeschool Math,03/26/2026 11:00:00 AM
Math Word Problem Worksheet,Printable Word Problem worksheet designed for Grade 3 students. Easy and fun math practice.,https://mathworksheetkidscoloringarchive.github.io/html/math-word-problem-worksheet-8438.html,https://mathworksheetkidscoloringarchive.github.io/images/math-word-problem-worksheet-8438.jpg,Homeschool Math,03/26/2026 01:26:00 PM
Free 23 Addition Math Worksheet For Grade 3 With Answers - Part 49 | Printable Practice,Free printable Addition worksheet for Grade 3. Perfect for homeschool practice and classroom activities.,https://mathworksheetkidscoloringarchive.github.io/html/free-23-addition-math-worksheet-for-grade-3-with-answers-part-49-2823.html,https://mathworksheetkidscoloringarchive.github.io/images/free-23-addition-math-worksheet-for-grade-3-with-answers-part-49-2823.jpg,Elementary Math Activities,03/26/2026 04:30:00 PM
Free Preschool Count and Color Worksheet,Printable Count and Color worksheet designed for Preschool students. Easy and fun math practice.,https://mathworksheetkidscoloringarchive.github.io/html/free-preschool-count-and-color-worksheet-8822.html,https://mathworksheetkidscoloringarchive.github.io/images/free-preschool-count-and-color-worksheet-8822.jpg,Homeschool Math,03/26/2026 08:22:00 PM
Kindergarten Count The Objects Worksheet - Part 51 | Printable Practice,Teachers and parents love this Counting Objects worksheet for Kindergarten. Download and print instantly.,https://mathworksheetkidscoloringarchive.github.io/html/kindergarten-count-the-objects-worksheet-part-51-9327.html,https://mathworksheetkidscoloringarchive.github.io/images/kindergarten-count-the-objects-worksheet-part-51-9327.jpg,Math Practice Printables,03/27/2026 08:30:00 AM
Grade 2 Division Practice Worksheet (18 Problems) - Part 52 | Printable Practice,Teachers and parents love this Division worksheet for Grade 2. Download and print instantly.,https://mathworksheetkidscoloringarchive.github.io/html/grade-2-division-practice-worksheet-18-problems-part-52-5076.html,https://mathworksheetkidscoloringarchive.github.io/images/grade-2-division-practice-worksheet-18-problems-part-52-5076.jpg,Math Practice Printables,03/27/2026 11:00:00 AM
Interactive Mathematics Problem Set Worksheet (8 Questions),Printable Math worksheet designed for Math students. Easy and fun math practice.,https://mathworksheetkidscoloringarchive.github.io/html/interactive-mathematics-problem-set-worksheet-8-questions-4199.html,https://mathworksheetkidscoloringarchive.github.io/images/interactive-mathematics-problem-set-worksheet-8-questions-4199.jpg,Printable Worksheets,03/27/2026 01:29:00 PM
Missing Number Math Worksheet,Fun and engaging Missing Number worksheet for Grade 1. Perfect printable math practice.,https://mathworksheetkidscoloringarchive.github.io/html/missing-number-math-worksheet-3004.html,https://mathworksheetkidscoloringarchive.github.io/images/missing-number-math-worksheet-3004.jpg,Printable Worksheets,03/27/2026 04:29:00 PM
Mixed Operations Math Worksheet,Teachers and parents love this Mixed Operations worksheet for Grade 3. Download and print instantly.,https://mathworksheetkidscoloringarchive.github.io/html/mixed-operations-math-worksheet-2171.html,https://mathworksheetkidscoloringarchive.github.io/images/mixed-operations-math-worksheet-2171.jpg,Kids Math Worksheets,03/27/2026 08:37:00 PM
Printable Free 10 Multiplication Math Worksheet For Grade 2 - Part 56 | Printable Practice,Free printable Multiplication worksheet for Grade 2. Perfect for homeschool practice and classroom activities.,https://mathworksheetkidscoloringarchive.github.io/html/printable-free-10-multiplication-math-worksheet-for-grade-2-part-56-9769.html,https://mathworksheetkidscoloringarchive.github.io/images/printable-free-10-multiplication-math-worksheet-for-grade-2-part-56-9769.jpg,Kids Math Worksheets,03/28/2026 08:30:00 AM
Grade 5 Subtraction Practice Worksheet (27 Problems) - Part 57 | Printable Practice,Help kids master Subtraction with this printable worksheet for Grade 5. Great for daily math practice.,https://mathworksheetkidscoloringarchive.github.io/html/grade-5-subtraction-practice-worksheet-27-problems-part-57-1874.html,https://mathworksheetkidscoloringarchive.github.io/images/grade-5-subtraction-practice-worksheet-27-problems-part-57-1874.jpg,Printable Worksheets,03/28/2026 11:04:00 AM
Grade 3 Multiplication Table 8 Practice - Part 58 | Printable Practice,Teachers and parents love this Times Table worksheet for Grade 3. Download and print instantly.,https://mathworksheetkidscoloringarchive.github.io/html/grade-3-multiplication-table-8-practice-part-58-8189.html,https://mathworksheetkidscoloringarchive.github.io/images/grade-3-multiplication-table-8-practice-part-58-8189.jpg,Homeschool Math,03/28/2026 01:23:00 PM
Printable Tracing Worksheet For Kids - Part 59 | Free Printable,Free printable Tracing worksheet for Kindergarten. Perfect for homeschool practice and classroom activities.,https://mathworksheetkidscoloringarchive.github.io/html/printable-tracing-worksheet-for-kids-part-59-7039.html,https://mathworksheetkidscoloringarchive.github.io/images/printable-tracing-worksheet-for-kids-part-59-7039.jpg,Printable Worksheets,03/28/2026 04:31:00 PM
Math Word Problem Worksheet,Fun and engaging Word Problem worksheet for Grade 3. Perfect printable math practice.,https://mathworksheetkidscoloringarchive.github.io/html/math-word-problem-worksheet-9632.html,https://mathworksheetkidscoloringarchive.github.io/images/math-word-problem-worksheet-9632.jpg,Math Practice Printables,03/28/2026 08:22:00 PM
Printable Free 14 Addition Math Worksheet For Grade 1 - Part 61 | Printable Practice,Printable Addition worksheet designed for Grade 1 students. Easy and fun math practice.,https://mathworksheetkidscoloringarchive.github.io/html/printable-free-14-addition-math-worksheet-for-grade-1-part-61-3144.html,https://mathworksheetkidscoloringarchive.github.io/images/printable-free-14-addition-math-worksheet-for-grade-1-part-61-3144.jpg,Kids Math Worksheets,03/29/2026 08:22:00 AM
"Count and Color Car, Square, Triangle Worksheet for Kids",Help kids master Count and Color with this printable worksheet for Kindergarten. Great for daily math practice.,https://mathworksheetkidscoloringarchive.github.io/html/count-and-color-car-square-triangle-worksheet-for-kids-3104.html,https://mathworksheetkidscoloringarchive.github.io/images/count-and-color-car-square-triangle-worksheet-for-kids-3104.jpg,Kids Math Worksheets,03/29/2026 11:06:00 AM
Free Counting Objects Worksheet For Pre-K Printable - Part 63 | Printable Practice,Help kids master Counting Objects with this printable worksheet for Pre-K. Great for daily math practice.,https://mathworksheetkidscoloringarchive.github.io/html/free-counting-objects-worksheet-for-pre-k-printable-part-63-2095.html,https://mathworksheetkidscoloringarchive.github.io/images/free-counting-objects-worksheet-for-pre-k-printable-part-63-2095.jpg,Elementary Math Activities,03/29/2026 01:23:00 PM
Grade 2 Division Practice Worksheet (21 Problems) - Part 64 | Printable Practice,Free printable Division worksheet for Grade 2. Perfect for homeschool practice and classroom activities.,https://mathworksheetkidscoloringarchive.github.io/html/grade-2-division-practice-worksheet-21-problems-part-64-5104.html,https://mathworksheetkidscoloringarchive.github.io/images/grade-2-division-practice-worksheet-21-problems-part-64-5104.jpg,Math Practice Printables,03/29/2026 04:24:00 PM
Advanced Math Skill Test Test Worksheet,Printable Math worksheet designed for Math students. Easy and fun math practice.,https://mathworksheetkidscoloringarchive.github.io/html/advanced-math-skill-test-test-worksheet-1104.html,https://mathworksheetkidscoloringarchive.github.io/images/advanced-math-skill-test-test-worksheet-1104.jpg,Math Practice Printables,03/29/2026 08:28:00 PM
Missing Number Math Worksheet,Fun and engaging Missing Number worksheet for Grade 1. Perfect printable math practice.,https://mathworksheetkidscoloringarchive.github.io/html/missing-number-math-worksheet-7515.html,https://mathworksheetkidscoloringarchive.github.io/images/missing-number-math-worksheet-7515.jpg,Kids Math Worksheets,03/30/2026 08:30:00 AM
Mixed Operations Math Worksheet,Printable Mixed Operations worksheet designed for Grade 3 students. Easy and fun math practice.,https://mathworksheetkidscoloringarchive.github.io/html/mixed-operations-math-worksheet-5381.html,https://mathworksheetkidscoloringarchive.github.io/images/mixed-operations-math-worksheet-5381.jpg,Math Practice Printables,03/30/2026 11:00:00 AM
Free 26 Multiplication Math Worksheet For Grade 2 With Answers - Part 68 | Printable Practice,Printable Multiplication worksheet designed for Grade 2 students. Easy and fun math practice.,https://mathworksheetkidscoloringarchive.github.io/html/free-26-multiplication-math-worksheet-for-grade-2-with-answers-part-68-8653.html,https://mathworksheetkidscoloringarchive.github.io/images/free-26-multiplication-math-worksheet-for-grade-2-with-answers-part-68-8653.jpg,Math Practice Printables,03/30/2026 01:30:00 PM
Free 16 Subtraction Math Worksheet For Grade 3 With Answers - Part 69 | Printable Practice,Teachers and parents love this Subtraction worksheet for Grade 3. Download and print instantly.,https://mathworksheetkidscoloringarchive.github.io/html/free-16-subtraction-math-worksheet-for-grade-3-with-answers-part-69-8891.html,https://mathworksheetkidscoloringarchive.github.io/images/free-16-subtraction-math-worksheet-for-grade-3-with-answers-part-69-8891.jpg,Elementary Math Activities,03/30/2026 04:26:00 PM
Printable 7 Times Table Worksheet For Grade 3 - Part 70 | Printable Practice,Help kids master Times Table with this printable worksheet for Grade 3. Great for daily math practice.,https://mathworksheetkidscoloringarchive.github.io/html/printable-7-times-table-worksheet-for-grade-3-part-70-3024.html,https://mathworksheetkidscoloringarchive.github.io/images/printable-7-times-table-worksheet-for-grade-3-part-70-3024.jpg,Math Practice Printables,03/30/2026 08:32:00 PM
Printable Tracing Worksheet For Kids - Part 71 | Free Printable,Teachers and parents love this Tracing worksheet for Preschool. Download and print instantly.,https://mathworksheetkidscoloringarchive.github.io/html/printable-tracing-worksheet-for-kids-part-71-4397.html,https://mathworksheetkidscoloringarchive.github.io/images/printable-tracing-worksheet-for-kids-part-71-4397.jpg,Kids Math Worksheets,03/31/2026 08:27:00 AM
Math Word Problem Worksheet,Help kids master Word Problem with this printable worksheet for Grade 3. Great for daily math practice.,https://mathworksheetkidscoloringarchive.github.io/html/math-word-problem-worksheet-8731.html,https://mathworksheetkidscoloringarchive.github.io/images/math-word-problem-worksheet-8731.jpg,Printable Worksheets,03/31/2026 11:07:00 AM
Free 29 Addition Math Worksheet For Grade 5 With Answers - Part 73 | Printable Practice,Help kids master Addition with this printable worksheet for Grade 5. Great for daily math practice.,https://mathworksheetkidscoloringarchive.github.io/html/free-29-addition-math-worksheet-for-grade-5-with-answers-part-73-6778.html,https://mathworksheetkidscoloringarchive.github.io/images/free-29-addition-math-worksheet-for-grade-5-with-answers-part-73-6778.jpg,Elementary Math Activities,03/31/2026 01:33:00 PM
Printable Count and Color Worksheet for Preschool Kids,Fun and engaging Count and Color worksheet for Preschool. Perfect printable math practice.,https://mathworksheetkidscoloringarchive.github.io/html/printable-count-and-color-worksheet-for-preschool-kids-2025.html,https://mathworksheetkidscoloringarchive.github.io/images/printable-count-and-color-worksheet-for-preschool-kids-2025.jpg,Printable Worksheets,03/31/2026 04:30:00 PM
Free Counting Objects Worksheet For Pre-K - Part 75 | Printable Practice,Printable Counting Objects worksheet designed for Pre-K students. Easy and fun math practice.,https://mathworksheetkidscoloringarchive.github.io/html/free-counting-objects-worksheet-for-pre-k-part-75-6602.html,https://mathworksheetkidscoloringarchive.github.io/images/free-counting-objects-worksheet-for-pre-k-part-75-6602.jpg,Kids Math Worksheets,03/31/2026 08:28:00 PM
Printable Free 12 Division Math Worksheet For Grade 1 - Part 76 | Printable Practice,Teachers and parents love this Division worksheet for Grade 1. Download and print instantly.,https://mathworksheetkidscoloringarchive.github.io/html/printable-free-12-division-math-worksheet-for-grade-1-part-76-8560.html,https://mathworksheetkidscoloringarchive.github.io/images/printable-free-12-division-math-worksheet-for-grade-1-part-76-8560.jpg,Elementary Math Activities,04/01/2026 08:29:00 AM
8 Mathematics Quiz Training Worksheet,Free printable Math worksheet for Math. Perfect for homeschool practice and classroom activities.,https://mathworksheetkidscoloringarchive.github.io/html/8-mathematics-quiz-training-worksheet-7951.html,https://mathworksheetkidscoloringarchive.github.io/images/8-mathematics-quiz-training-worksheet-7951.jpg,Printable Worksheets,04/01/2026 11:07:00 AM
Missing Number Math Worksheet,Fun and engaging Missing Number worksheet for Grade 1. Perfect printable math practice.,https://mathworksheetkidscoloringarchive.github.io/html/missing-number-math-worksheet-2170.html,https://mathworksheetkidscoloringarchive.github.io/images/missing-number-math-worksheet-2170.jpg,Homeschool Math,04/01/2026 01:22:00 PM
Mixed Operations Math Worksheet,Fun and engaging Mixed Operations worksheet for Grade 3. Perfect printable math practice.,https://mathworksheetkidscoloringarchive.github.io/html/mixed-operations-math-worksheet-2130.html,https://mathworksheetkidscoloringarchive.github.io/images/mixed-operations-math-worksheet-2130.jpg,Kids Math Worksheets,04/01/2026 04:25:00 PM
Free 10 Multiplication Math Worksheet For Grade 2 With Answers - Part 80 | Printable Practice,Fun and engaging Multiplication worksheet for Grade 2. Perfect printable math practice.,https://mathworksheetkidscoloringarchive.github.io/html/free-10-multiplication-math-worksheet-for-grade-2-with-answers-part-80-7736.html,https://mathworksheetkidscoloringarchive.github.io/images/free-10-multiplication-math-worksheet-for-grade-2-with-answers-part-80-7736.jpg,Printable Worksheets,04/01/2026 08:38:00 PM
Free 11 Subtraction Math Worksheet For Grade 2 - Part 81 | Printable Practice,Printable Subtraction worksheet designed for Grade 2 students. Easy and fun math practice.,https://mathworksheetkidscoloringarchive.github.io/html/free-11-subtraction-math-worksheet-for-grade-2-part-81-5203.html,https://mathworksheetkidscoloringarchive.github.io/images/free-11-subtraction-math-worksheet-for-grade-2-part-81-5203.jpg,Printable Worksheets,04/02/2026 08:36:00 AM
Printable 8 Times Table Worksheet For Grade 3 - Part 82 | Printable Practice,Fun and engaging Times Table worksheet for Grade 3. Perfect printable math practice.,https://mathworksheetkidscoloringarchive.github.io/html/printable-8-times-table-worksheet-for-grade-3-part-82-7340.html,https://mathworksheetkidscoloringarchive.github.io/images/printable-8-times-table-worksheet-for-grade-3-part-82-7340.jpg,Printable Worksheets,04/02/2026 11:04:00 AM
Printable Tracing Worksheet For Kids - Part 83 | Free Printable,Help kids master Tracing with this printable worksheet for Kindergarten. Great for daily math practice.,https://mathworksheetkidscoloringarchive.github.io/html/printable-tracing-worksheet-for-kids-part-83-1492.html,https://mathworksheetkidscoloringarchive.github.io/images/printable-tracing-worksheet-for-kids-part-83-1492.jpg,Printable Worksheets,04/02/2026 01:25:00 PM
Math Word Problem Worksheet,Printable Word Problem worksheet designed for Grade 3 students. Easy and fun math practice.,https://mathworksheetkidscoloringarchive.github.io/html/math-word-problem-worksheet-4772.html,https://mathworksheetkidscoloringarchive.github.io/images/math-word-problem-worksheet-4772.jpg,Printable Worksheets,04/02/2026 04:37:00 PM
Free 16 Addition Math Worksheet For Grade 3 With Answers - Part 85 | Printable Practice,Fun and engaging Addition worksheet for Grade 3. Perfect printable math practice.,https://mathworksheetkidscoloringarchive.github.io/html/free-16-addition-math-worksheet-for-grade-3-with-answers-part-85-6122.html,https://mathworksheetkidscoloringarchive.github.io/images/free-16-addition-math-worksheet-for-grade-3-with-answers-part-85-6122.jpg,Printable Worksheets,04/02/2026 08:29:00 PM
"Count and Color Flower, Apple, Flower Worksheet for Kids",Printable Count and Color worksheet designed for Grade 1 students. Easy and fun math practice.,https://mathworksheetkidscoloringarchive.github.io/html/count-and-color-flower-apple-flower-worksheet-for-kids-5881.html,https://mathworksheetkidscoloringarchive.github.io/images/count-and-color-flower-apple-flower-worksheet-for-kids-5881.jpg,Homeschool Math,04/03/2026 08:29:00 AM
Free Counting Objects Worksheet For Kindergarten - Part 87 | Printable Practice,Free printable Counting Objects worksheet for Kindergarten. Perfect for homeschool practice and classroom activities.,https://mathworksheetkidscoloringarchive.github.io/html/free-counting-objects-worksheet-for-kindergarten-part-87-9909.html,https://mathworksheetkidscoloringarchive.github.io/images/free-counting-objects-worksheet-for-kindergarten-part-87-9909.jpg,Kids Math Worksheets,04/03/2026 11:00:00 AM
Grade 2 Division Practice Worksheet (10 Problems) - Part 88 | Printable Practice,Teachers and parents love this Division worksheet for Grade 2. Download and print instantly.,https://mathworksheetkidscoloringarchive.github.io/html/grade-2-division-practice-worksheet-10-problems-part-88-5436.html,https://mathworksheetkidscoloringarchive.github.io/images/grade-2-division-practice-worksheet-10-problems-part-88-5436.jpg,Kids Math Worksheets,04/03/2026 01:38:00 PM
Ultimate Math Challenge for Students (4 Questions),Fun and engaging Math worksheet for Math. Perfect printable math practice.,https://mathworksheetkidscoloringarchive.github.io/html/ultimate-math-challenge-for-students-4-questions-1967.html,https://mathworksheetkidscoloringarchive.github.io/images/ultimate-math-challenge-for-students-4-questions-1967.jpg,Printable Worksheets,04/03/2026 04:34:00 PM
Missing Number Math Worksheet,Free printable Missing Number worksheet for Grade 1. Perfect for homeschool practice and classroom activities.,https://mathworksheetkidscoloringarchive.github.io/html/missing-number-math-worksheet-8678.html,https://mathworksheetkidscoloringarchive.github.io/images/missing-number-math-worksheet-8678.jpg,Elementary Math Activities,04/03/2026 08:28:00 PM
Mixed Operations Math Worksheet,Help kids master Mixed Operations with this printable worksheet for Grade 3. Great for daily math practice.,https://mathworksheetkidscoloringarchive.github.io/html/mixed-operations-math-worksheet-2817.html,https://mathworksheetkidscoloringarchive.github.io/images/mixed-operations-math-worksheet-2817.jpg,Kids Math Worksheets,04/04/2026 08:30:00 AM
Free 24 Multiplication Math Worksheet For Grade 2 - Part 92 | Printable Practice,Teachers and parents love this Multiplication worksheet for Grade 2. Download and print instantly.,https://mathworksheetkidscoloringarchive.github.io/html/free-24-multiplication-math-worksheet-for-grade-2-part-92-8524.html,https://mathworksheetkidscoloringarchive.github.io/images/free-24-multiplication-math-worksheet-for-grade-2-part-92-8524.jpg,Printable Worksheets,04/04/2026 11:00:00 AM
Grade 2 Subtraction Practice Worksheet (15 Problems) - Part 93 | Printable Practice,Printable Subtraction worksheet designed for Grade 2 students. Easy and fun math practice.,https://mathworksheetkidscoloringarchive.github.io/html/grade-2-subtraction-practice-worksheet-15-problems-part-93-4342.html,https://mathworksheetkidscoloringarchive.github.io/images/grade-2-subtraction-practice-worksheet-15-problems-part-93-4342.jpg,Printable Worksheets,04/04/2026 01:25:00 PM
6 Times Table Worksheet For Grade 3 With Answers - Part 94 | Printable Practice,Free printable Times Table worksheet for Grade 3. Perfect for homeschool practice and classroom activities.,https://mathworksheetkidscoloringarchive.github.io/html/6-times-table-worksheet-for-grade-3-with-answers-part-94-6421.html,https://mathworksheetkidscoloringarchive.github.io/images/6-times-table-worksheet-for-grade-3-with-answers-part-94-6421.jpg,Elementary Math Activities,04/04/2026 04:32:00 PM
Printable Tracing Worksheet For Kids - Part 95 | Free Printable,Printable Tracing worksheet designed for Preschool students. Easy and fun math practice.,https://mathworksheetkidscoloringarchive.github.io/html/printable-tracing-worksheet-for-kids-part-95-8119.html,https://mathworksheetkidscoloringarchive.github.io/images/printable-tracing-worksheet-for-kids-part-95-8119.jpg,Kids Math Worksheets,04/04/2026 08:25:00 PM
Math Word Problem Worksheet,Free printable Word Problem worksheet for Grade 3. Perfect for homeschool practice and classroom activities.,https://mathworksheetkidscoloringarchive.github.io/html/math-word-problem-worksheet-9452.html,https://mathworksheetkidscoloringarchive.github.io/images/math-word-problem-worksheet-9452.jpg,Math Practice Printables,04/05/2026 08:32:00 AM
Printable Free 28 Addition Math Worksheet For Grade 3 - Part 97 | Printable Practice,Printable Addition worksheet designed for Grade 3 students. Easy and fun math practice.,https://mathworksheetkidscoloringarchive.github.io/html/printable-free-28-addition-math-worksheet-for-grade-3-part-97-6634.html,https://mathworksheetkidscoloringarchive.github.io/images/printable-free-28-addition-math-worksheet-for-grade-3-part-97-6634.jpg,Printable Worksheets,04/05/2026 11:00:00 AM
5 Free Count and Color Worksheets for Kindergarten,Help kids master Count and Color with this printable worksheet for Kindergarten. Great for daily math practice.,https://mathworksheetkidscoloringarchive.github.io/html/5-free-count-and-color-worksheets-for-kindergarten-2733.html,https://mathworksheetkidscoloringarchive.github.io/images/5-free-count-and-color-worksheets-for-kindergarten-2733.jpg,Kids Math Worksheets,04/05/2026 01:30:00 PM
Free Counting Objects Worksheet For Pre-K - Part 99 | Printable Practice,Teachers and parents love this Counting Objects worksheet for Pre-K. Download and print instantly.,https://mathworksheetkidscoloringarchive.github.io/html/free-counting-objects-worksheet-for-pre-k-part-99-7532.html,https://mathworksheetkidscoloringarchive.github.io/images/free-counting-objects-worksheet-for-pre-k-part-99-7532.jpg,Homeschool Math,04/05/2026 04:32:00 PM
Free 26 Division Math Worksheet For Grade 2 With Answers - Part 100 | Printable Practice,Free printable Division worksheet for Grade 2. Perfect for homeschool practice and classroom activities.,https://mathworksheetkidscoloringarchive.github.io/html/free-26-division-math-worksheet-for-grade-2-with-answers-part-100-4416.html,https://mathworksheetkidscoloringarchive.github.io/images/free-26-division-math-worksheet-for-grade-2-with-answers-part-100-4416.jpg,Printable Worksheets,04/05/2026 08:25:00 PM
4 Math Questions Worksheet for High School Students,Free printable Math worksheet for Math. Perfect for homeschool practice and classroom activities.,https://mathworksheetkidscoloringarchive.github.io/html/4-math-questions-worksheet-for-high-school-students-1281.html,https://mathworksheetkidscoloringarchive.github.io/images/4-math-questions-worksheet-for-high-school-students-1281.jpg,Kids Math Worksheets,04/06/2026 08:30:00 AM
Missing Number Math Worksheet,Fun and engaging Missing Number worksheet for Grade 1. Perfect printable math practice.,https://mathworksheetkidscoloringarchive.github.io/html/missing-number-math-worksheet-3774.html,https://mathworksheetkidscoloringarchive.github.io/images/missing-number-math-worksheet-3774.jpg,Kids Math Worksheets,04/06/2026 11:00:00 AM
Mixed Operations Math Worksheet,Fun and engaging Mixed Operations worksheet for Grade 3. Perfect printable math practice.,https://mathworksheetkidscoloringarchive.github.io/html/mixed-operations-math-worksheet-7530.html,https://mathworksheetkidscoloringarchive.github.io/images/mixed-operations-math-worksheet-7530.jpg,Math Practice Printables,04/06/2026 01:25:00 PM
Free 22 Multiplication Math Worksheet For Grade 1 With Answers - Part 104 | Printable Practice,Free printable Multiplication worksheet for Grade 1. Perfect for homeschool practice and classroom activities.,https://mathworksheetkidscoloringarchive.github.io/html/free-22-multiplication-math-worksheet-for-grade-1-with-answers-part-104-1802.html,https://mathworksheetkidscoloringarchive.github.io/images/free-22-multiplication-math-worksheet-for-grade-1-with-answers-part-104-1802.jpg,Homeschool Math,04/06/2026 04:38:00 PM
Free 15 Subtraction Math Worksheet For Grade 2 - Part 105 | Printable Practice,Free printable Subtraction worksheet for Grade 2. Perfect for homeschool practice and classroom activities.,https://mathworksheetkidscoloringarchive.github.io/html/free-15-subtraction-math-worksheet-for-grade-2-part-105-3402.html,https://mathworksheetkidscoloringarchive.github.io/images/free-15-subtraction-math-worksheet-for-grade-2-part-105-3402.jpg,Printable Worksheets,04/06/2026 08:24:00 PM
8 Times Table Worksheet For Grade 3 With Answers - Part 106 | Printable Practice,Printable Times Table worksheet designed for Grade 3 students. Easy and fun math practice.,https://mathworksheetkidscoloringarchive.github.io/html/8-times-table-worksheet-for-grade-3-with-answers-part-106-2625.html,https://mathworksheetkidscoloringarchive.github.io/images/8-times-table-worksheet-for-grade-3-with-answers-part-106-2625.jpg,Elementary Math Activities,04/07/2026 08:22:00 AM
Printable Tracing Worksheet For Kids - Part 107 | Free Printable,Help kids master Tracing with this printable worksheet for Kindergarten. Great for daily math practice.,https://mathworksheetkidscoloringarchive.github.io/html/printable-tracing-worksheet-for-kids-part-107-8111.html,https://mathworksheetkidscoloringarchive.github.io/images/printable-tracing-worksheet-for-kids-part-107-8111.jpg,Math Practice Printables,04/07/2026 11:01:00 AM
Math Word Problem Worksheet,Fun and engaging Word Problem worksheet for Grade 3. Perfect printable math practice.,https://mathworksheetkidscoloringarchive.github.io/html/math-word-problem-worksheet-4730.html,https://mathworksheetkidscoloringarchive.github.io/images/math-word-problem-worksheet-4730.jpg,Kids Math Worksheets,04/07/2026 01:22:00 PM
Grade 5 Addition Practice Worksheet (30 Problems) - Part 109 | Printable Practice,Printable Addition worksheet designed for Grade 5 students. Easy and fun math practice.,https://mathworksheetkidscoloringarchive.github.io/html/grade-5-addition-practice-worksheet-30-problems-part-109-6601.html,https://mathworksheetkidscoloringarchive.github.io/images/grade-5-addition-practice-worksheet-30-problems-part-109-6601.jpg,Math Practice Printables,04/07/2026 04:30:00 PM
Preschool Count and Color Shapes Worksheet,Help kids master Count and Color with this printable worksheet for Preschool. Great for daily math practice.,https://mathworksheetkidscoloringarchive.github.io/html/preschool-count-and-color-shapes-worksheet-5348.html,https://mathworksheetkidscoloringarchive.github.io/images/preschool-count-and-color-shapes-worksheet-5348.jpg,Kids Math Worksheets,04/07/2026 08:25:00 PM
Free Counting Objects Worksheet For Kindergarten - Part 111 | Printable Practice,Fun and engaging Counting Objects worksheet for Kindergarten. Perfect printable math practice.,https://mathworksheetkidscoloringarchive.github.io/html/free-counting-objects-worksheet-for-kindergarten-part-111-1052.html,https://mathworksheetkidscoloringarchive.github.io/images/free-counting-objects-worksheet-for-kindergarten-part-111-1052.jpg,Elementary Math Activities,04/08/2026 08:32:00 AM
Free 25 Division Math Worksheet For Grade 1 With Answers - Part 112 | Printable Practice,Fun and engaging Division worksheet for Grade 1. Perfect printable math practice.,https://mathworksheetkidscoloringarchive.github.io/html/free-25-division-math-worksheet-for-grade-1-with-answers-part-112-3454.html,https://mathworksheetkidscoloringarchive.github.io/images/free-25-division-math-worksheet-for-grade-1-with-answers-part-112-3454.jpg,Printable Worksheets,04/08/2026 11:01:00 AM
7 Math Trivia for Math Learners,Fun and engaging Math worksheet for Math. Perfect printable math practice.,https://mathworksheetkidscoloringarchive.github.io/html/7-math-trivia-for-math-learners-8329.html,https://mathworksheetkidscoloringarchive.github.io/images/7-math-trivia-for-math-learners-8329.jpg,Homeschool Math,04/08/2026 01:37:00 PM
Missing Number Math Worksheet,Help kids master Missing Number with this printable worksheet for Grade 1. Great for daily math practice.,https://mathworksheetkidscoloringarchive.github.io/html/missing-number-math-worksheet-6245.html,https://mathworksheetkidscoloringarchive.github.io/images/missing-number-math-worksheet-6245.jpg,Homeschool Math,04/08/2026 04:30:00 PM
Mixed Operations Math Worksheet,Help kids master Mixed Operations with this printable worksheet for Grade 3. Great for daily math practice.,https://mathworksheetkidscoloringarchive.github.io/html/mixed-operations-math-worksheet-1651.html,https://mathworksheetkidscoloringarchive.github.io/images/mixed-operations-math-worksheet-1651.jpg,Kids Math Worksheets,04/08/2026 08:36:00 PM
Printable Free 20 Multiplication Math Worksheet For Grade 2 - Part 116 | Printable Practice,Printable Multiplication worksheet designed for Grade 2 students. Easy and fun math practice.,https://mathworksheetkidscoloringarchive.github.io/html/printable-free-20-multiplication-math-worksheet-for-grade-2-part-116-4723.html,https://mathworksheetkidscoloringarchive.github.io/images/printable-free-20-multiplication-math-worksheet-for-grade-2-part-116-4723.jpg,Printable Worksheets,04/09/2026 08:38:00 AM
Grade 2 Subtraction Practice Worksheet (17 Problems) - Part 117 | Printable Practice,Help kids master Subtraction with this printable worksheet for Grade 2. Great for daily math practice.,https://mathworksheetkidscoloringarchive.github.io/html/grade-2-subtraction-practice-worksheet-17-problems-part-117-4545.html,https://mathworksheetkidscoloringarchive.github.io/images/grade-2-subtraction-practice-worksheet-17-problems-part-117-4545.jpg,Math Practice Printables,04/09/2026 11:01:00 AM
4 Times Table Worksheet For Grade 2 - Part 118 | Printable Practice,Fun and engaging Times Table worksheet for Grade 2. Perfect printable math practice.,https://mathworksheetkidscoloringarchive.github.io/html/4-times-table-worksheet-for-grade-2-part-118-9488.html,https://mathworksheetkidscoloringarchive.github.io/images/4-times-table-worksheet-for-grade-2-part-118-9488.jpg,Printable Worksheets,04/09/2026 01:23:00 PM
Printable Tracing Worksheet For Kids - Part 119 | Free Printable,Teachers and parents love this Tracing worksheet for Kindergarten. Download and print instantly.,https://mathworksheetkidscoloringarchive.github.io/html/printable-tracing-worksheet-for-kids-part-119-9755.html,https://mathworksheetkidscoloringarchive.github.io/images/printable-tracing-worksheet-for-kids-part-119-9755.jpg,Math Practice Printables,04/09/2026 04:22:00 PM
Math Word Problem Worksheet,Fun and engaging Word Problem worksheet for Grade 3. Perfect printable math practice.,https://mathworksheetkidscoloringarchive.github.io/html/math-word-problem-worksheet-5485.html,https://mathworksheetkidscoloringarchive.github.io/images/math-word-problem-worksheet-5485.jpg,Kids Math Worksheets,04/09/2026 08:36:00 PM
Free 10 Addition Math Worksheet For Grade 1 With Answers - Part 121 | Printable Practice,Printable Addition worksheet designed for Grade 1 students. Easy and fun math practice.,https://mathworksheetkidscoloringarchive.github.io/html/free-10-addition-math-worksheet-for-grade-1-with-answers-part-121-3366.html,https://mathworksheetkidscoloringarchive.github.io/images/free-10-addition-math-worksheet-for-grade-1-with-answers-part-121-3366.jpg,Elementary Math Activities,04/10/2026 08:30:00 AM
Fun Count and Color Objects Worksheet for Kindergarten,Teachers and parents love this Count and Color worksheet for Kindergarten. Download and print instantly.,https://mathworksheetkidscoloringarchive.github.io/html/fun-count-and-color-objects-worksheet-for-kindergarten-7125.html,https://mathworksheetkidscoloringarchive.github.io/images/fun-count-and-color-objects-worksheet-for-kindergarten-7125.jpg,Elementary Math Activities,04/10/2026 11:08:00 AM
Free Counting Objects Worksheet For Kindergarten - Part 123 | Printable Practice,Free printable Counting Objects worksheet for Kindergarten. Perfect for homeschool practice and classroom activities.,https://mathworksheetkidscoloringarchive.github.io/html/free-counting-objects-worksheet-for-kindergarten-part-123-8003.html,https://mathworksheetkidscoloringarchive.github.io/images/free-counting-objects-worksheet-for-kindergarten-part-123-8003.jpg,Math Practice Printables,04/10/2026 01:35:00 PM
Printable Free 15 Division Math Worksheet For Grade 2 - Part 124 | Printable Practice,Free printable Division worksheet for Grade 2. Perfect for homeschool practice and classroom activities.,https://mathworksheetkidscoloringarchive.github.io/html/printable-free-15-division-math-worksheet-for-grade-2-part-124-2899.html,https://mathworksheetkidscoloringarchive.github.io/images/printable-free-15-division-math-worksheet-for-grade-2-part-124-2899.jpg,Printable Worksheets,04/10/2026 04:30:00 PM
Ultimate Mathematics Quiz Test Worksheet for Practice,Free printable Math worksheet for Math. Perfect for homeschool practice and classroom activities.,https://mathworksheetkidscoloringarchive.github.io/html/ultimate-mathematics-quiz-test-worksheet-for-practice-8103.html,https://mathworksheetkidscoloringarchive.github.io/images/ultimate-mathematics-quiz-test-worksheet-for-practice-8103.jpg,Math Practice Printables,04/10/2026 08:36:00 PM
Missing Number Math Worksheet,Help kids master Missing Number with this printable worksheet for Grade 1. Great for daily math practice.,https://mathworksheetkidscoloringarchive.github.io/html/missing-number-math-worksheet-8872.html,https://mathworksheetkidscoloringarchive.github.io/images/missing-number-math-worksheet-8872.jpg,Math Practice Printables,04/11/2026 08:35:00 AM
Mixed Operations Math Worksheet,Printable Mixed Operations worksheet designed for Grade 3 students. Easy and fun math practice.,https://mathworksheetkidscoloringarchive.github.io/html/mixed-operations-math-worksheet-1263.html,https://mathworksheetkidscoloringarchive.github.io/images/mixed-operations-math-worksheet-1263.jpg,Kids Math Worksheets,04/11/2026 11:00:00 AM
Printable Free 27 Multiplication Math Worksheet For Grade 1 - Part 128 | Printable Practice,Fun and engaging Multiplication worksheet for Grade 1. Perfect printable math practice.,https://mathworksheetkidscoloringarchive.github.io/html/printable-free-27-multiplication-math-worksheet-for-grade-1-part-128-5693.html,https://mathworksheetkidscoloringarchive.github.io/images/printable-free-27-multiplication-math-worksheet-for-grade-1-part-128-5693.jpg,Homeschool Math,04/11/2026 01:22:00 PM
Printable Free 14 Subtraction Math Worksheet For Grade 5 - Part 129 | Printable Practice,Help kids master Subtraction with this printable worksheet for Grade 5. Great for daily math practice.,https://mathworksheetkidscoloringarchive.github.io/html/printable-free-14-subtraction-math-worksheet-for-grade-5-part-129-8180.html,https://mathworksheetkidscoloringarchive.github.io/images/printable-free-14-subtraction-math-worksheet-for-grade-5-part-129-8180.jpg,Math Practice Printables,04/11/2026 04:28:00 PM
12 Times Table Worksheet For Grade 4 - Part 130 | Printable Practice,Teachers and parents love this Times Table worksheet for Grade 4. Download and print instantly.,https://mathworksheetkidscoloringarchive.github.io/html/12-times-table-worksheet-for-grade-4-part-130-5895.html,https://mathworksheetkidscoloringarchive.github.io/images/12-times-table-worksheet-for-grade-4-part-130-5895.jpg,Kids Math Worksheets,04/11/2026 08:32:00 PM
Printable Tracing Worksheet For Kids - Part 131 | Free Printable,Help kids master Tracing with this printable worksheet for Kindergarten. Great for daily math practice.,https://mathworksheetkidscoloringarchive.github.io/html/printable-tracing-worksheet-for-kids-part-131-3228.html,https://mathworksheetkidscoloringarchive.github.io/images/printable-tracing-worksheet-for-kids-part-131-3228.jpg,Elementary Math Activities,04/12/2026 08:32:00 AM
Math Word Problem Worksheet,Teachers and parents love this Word Problem worksheet for Grade 3. Download and print instantly.,https://mathworksheetkidscoloringarchive.github.io/html/math-word-problem-worksheet-6512.html,https://mathworksheetkidscoloringarchive.github.io/images/math-word-problem-worksheet-6512.jpg,Homeschool Math,04/12/2026 11:00:00 AM
Free 17 Addition Math Worksheet For Grade 1 With Answers - Part 133 | Printable Practice,Help kids master Addition with this printable worksheet for Grade 1. Great for daily math practice.,https://mathworksheetkidscoloringarchive.github.io/html/free-17-addition-math-worksheet-for-grade-1-with-answers-part-133-1077.html,https://mathworksheetkidscoloringarchive.github.io/images/free-17-addition-math-worksheet-for-grade-1-with-answers-part-133-1077.jpg,Math Practice Printables,04/12/2026 01:25:00 PM
Free Preschool Count and Color Worksheet,Printable Count and Color worksheet designed for Preschool students. Easy and fun math practice.,https://mathworksheetkidscoloringarchive.github.io/html/free-preschool-count-and-color-worksheet-2891.html,https://mathworksheetkidscoloringarchive.github.io/images/free-preschool-count-and-color-worksheet-2891.jpg,Kids Math Worksheets,04/12/2026 04:24:00 PM
Kindergarten Count The Objects Worksheet - Part 135 | Printable Practice,Printable Counting Objects worksheet designed for Kindergarten students. Easy and fun math practice.,https://mathworksheetkidscoloringarchive.github.io/html/kindergarten-count-the-objects-worksheet-part-135-1049.html,https://mathworksheetkidscoloringarchive.github.io/images/kindergarten-count-the-objects-worksheet-part-135-1049.jpg,Elementary Math Activities,04/12/2026 08:29:00 PM
Printable Free 30 Division Math Worksheet For Grade 2 - Part 136 | Printable Practice,Free printable Division worksheet for Grade 2. Perfect for homeschool practice and classroom activities.,https://mathworksheetkidscoloringarchive.github.io/html/printable-free-30-division-math-worksheet-for-grade-2-part-136-6793.html,https://mathworksheetkidscoloringarchive.github.io/images/printable-free-30-division-math-worksheet-for-grade-2-part-136-6793.jpg,Elementary Math Activities,04/13/2026 08:33:00 AM
8 Math Skill Test Practice Worksheet,Free printable Math worksheet for Math. Perfect for homeschool practice and classroom activities.,https://mathworksheetkidscoloringarchive.github.io/html/8-math-skill-test-practice-worksheet-5221.html,https://mathworksheetkidscoloringarchive.github.io/images/8-math-skill-test-practice-worksheet-5221.jpg,Printable Worksheets,04/13/2026 11:00:00 AM
Missing Number Math Worksheet,Free printable Missing Number worksheet for Grade 1. Perfect for homeschool practice and classroom activities.,https://mathworksheetkidscoloringarchive.github.io/html/missing-number-math-worksheet-5419.html,https://mathworksheetkidscoloringarchive.github.io/images/missing-number-math-worksheet-5419.jpg,Kids Math Worksheets,04/13/2026 01:37:00 PM
Mixed Operations Math Worksheet,Teachers and parents love this Mixed Operations worksheet for Grade 3. Download and print instantly.,https://mathworksheetkidscoloringarchive.github.io/html/mixed-operations-math-worksheet-9587.html,https://mathworksheetkidscoloringarchive.github.io/images/mixed-operations-math-worksheet-9587.jpg,Elementary Math Activities,04/13/2026 04:25:00 PM
Free 18 Multiplication Math Worksheet For Grade 2 With Answers - Part 140 | Printable Practice,Help kids master Multiplication with this printable worksheet for Grade 2. Great for daily math practice.,https://mathworksheetkidscoloringarchive.github.io/html/free-18-multiplication-math-worksheet-for-grade-2-with-answers-part-140-6377.html,https://mathworksheetkidscoloringarchive.github.io/images/free-18-multiplication-math-worksheet-for-grade-2-with-answers-part-140-6377.jpg,Printable Worksheets,04/13/2026 08:35:00 PM
Grade 3 Subtraction Practice Worksheet (27 Problems) - Part 141 | Printable Practice,Teachers and parents love this Subtraction worksheet for Grade 3. Download and print instantly.,https://mathworksheetkidscoloringarchive.github.io/html/grade-3-subtraction-practice-worksheet-27-problems-part-141-3496.html,https://mathworksheetkidscoloringarchive.github.io/images/grade-3-subtraction-practice-worksheet-27-problems-part-141-3496.jpg,Kids Math Worksheets,04/14/2026 08:36:00 AM
Grade 3 Multiplication Table 6 Practice - Part 142 | Printable Practice,Help kids master Times Table with this printable worksheet for Grade 3. Great for daily math practice.,https://mathworksheetkidscoloringarchive.github.io/html/grade-3-multiplication-table-6-practice-part-142-8728.html,https://mathworksheetkidscoloringarchive.github.io/images/grade-3-multiplication-table-6-practice-part-142-8728.jpg,Math Practice Printables,04/14/2026 11:08:00 AM
Printable Tracing Worksheet For Kids - Part 143 | Free Printable,Teachers and parents love this Tracing worksheet for Kindergarten. Download and print instantly.,https://mathworksheetkidscoloringarchive.github.io/html/printable-tracing-worksheet-for-kids-part-143-1074.html,https://mathworksheetkidscoloringarchive.github.io/images/printable-tracing-worksheet-for-kids-part-143-1074.jpg,Math Practice Printables,04/14/2026 01:35:00 PM
Math Word Problem Worksheet,Fun and engaging Word Problem worksheet for Grade 3. Perfect printable math practice.,https://mathworksheetkidscoloringarchive.github.io/html/math-word-problem-worksheet-7170.html,https://mathworksheetkidscoloringarchive.github.io/images/math-word-problem-worksheet-7170.jpg,Kids Math Worksheets,04/14/2026 04:30:00 PM
Printable Free 16 Addition Math Worksheet For Grade 3 - Part 145 | Printable Practice,Free printable Addition worksheet for Grade 3. Perfect for homeschool practice and classroom activities.,https://mathworksheetkidscoloringarchive.github.io/html/printable-free-16-addition-math-worksheet-for-grade-3-part-145-9022.html,https://mathworksheetkidscoloringarchive.github.io/images/printable-free-16-addition-math-worksheet-for-grade-3-part-145-9022.jpg,Homeschool Math,04/14/2026 08:33:00 PM
Free Grade 1 Count and Color Worksheet,Fun and engaging Count and Color worksheet for Grade 1. Perfect printable math practice.,https://mathworksheetkidscoloringarchive.github.io/html/free-grade-1-count-and-color-worksheet-1111.html,https://mathworksheetkidscoloringarchive.github.io/images/free-grade-1-count-and-color-worksheet-1111.jpg,Homeschool Math,04/15/2026 08:30:00 AM
Free Counting Objects Worksheet For Pre-K Printable - Part 147 | Printable Practice,Printable Counting Objects worksheet designed for Pre-K students. Easy and fun math practice.,https://mathworksheetkidscoloringarchive.github.io/html/free-counting-objects-worksheet-for-pre-k-printable-part-147-7650.html,https://mathworksheetkidscoloringarchive.github.io/images/free-counting-objects-worksheet-for-pre-k-printable-part-147-7650.jpg,Elementary Math Activities,04/15/2026 11:00:00 AM
Free 24 Division Math Worksheet For Grade 2 With Answers - Part 148 | Printable Practice,Printable Division worksheet designed for Grade 2 students. Easy and fun math practice.,https://mathworksheetkidscoloringarchive.github.io/html/free-24-division-math-worksheet-for-grade-2-with-answers-part-148-1380.html,https://mathworksheetkidscoloringarchive.github.io/images/free-24-division-math-worksheet-for-grade-2-with-answers-part-148-1380.jpg,Math Practice Printables,04/15/2026 01:26:00 PM
Free Printable Mathematics Quiz Training Worksheet for Teens,Printable Math worksheet designed for Math students. Easy and fun math practice.,https://mathworksheetkidscoloringarchive.github.io/html/free-printable-mathematics-quiz-training-worksheet-for-teens-1170.html,https://mathworksheetkidscoloringarchive.github.io/images/free-printable-mathematics-quiz-training-worksheet-for-teens-1170.jpg,Kids Math Worksheets,04/15/2026 04:27:00 PM
Missing Number Math Worksheet,Teachers and parents love this Missing Number worksheet for Grade 1. Download and print instantly.,https://mathworksheetkidscoloringarchive.github.io/html/missing-number-math-worksheet-9015.html,https://mathworksheetkidscoloringarchive.github.io/images/missing-number-math-worksheet-9015.jpg,Printable Worksheets,04/15/2026 08:30:00 PM
Mixed Operations Math Worksheet,Teachers and parents love this Mixed Operations worksheet for Grade 3. Download and print instantly.,https://mathworksheetkidscoloringarchive.github.io/html/mixed-operations-math-worksheet-2164.html,https://mathworksheetkidscoloringarchive.github.io/images/mixed-operations-math-worksheet-2164.jpg,Kids Math Worksheets,04/16/2026 08:38:00 AM
Free 23 Multiplication Math Worksheet For Grade 1 With Answers - Part 152 | Printable Practice,Help kids master Multiplication with this printable worksheet for Grade 1. Great for daily math practice.,https://mathworksheetkidscoloringarchive.github.io/html/free-23-multiplication-math-worksheet-for-grade-1-with-answers-part-152-6519.html,https://mathworksheetkidscoloringarchive.github.io/images/free-23-multiplication-math-worksheet-for-grade-1-with-answers-part-152-6519.jpg,Printable Worksheets,04/16/2026 11:08:00 AM
Printable Free 13 Subtraction Math Worksheet For Grade 2 - Part 153 | Printable Practice,Fun and engaging Subtraction worksheet for Grade 2. Perfect printable math practice.,https://mathworksheetkidscoloringarchive.github.io/html/printable-free-13-subtraction-math-worksheet-for-grade-2-part-153-2603.html,https://mathworksheetkidscoloringarchive.github.io/images/printable-free-13-subtraction-math-worksheet-for-grade-2-part-153-2603.jpg,Math Practice Printables,04/16/2026 01:33:00 PM
Printable 11 Times Table Worksheet For Grade 4 - Part 154 | Printable Practice,Printable Times Table worksheet designed for Grade 4 students. Easy and fun math practice.,https://mathworksheetkidscoloringarchive.github.io/html/printable-11-times-table-worksheet-for-grade-4-part-154-5042.html,https://mathworksheetkidscoloringarchive.github.io/images/printable-11-times-table-worksheet-for-grade-4-part-154-5042.jpg,Elementary Math Activities,04/16/2026 04:38:00 PM
Printable Tracing Worksheet For Kids - Part 155 | Free Printable,Free printable Tracing worksheet for Preschool. Perfect for homeschool practice and classroom activities.,https://mathworksheetkidscoloringarchive.github.io/html/printable-tracing-worksheet-for-kids-part-155-8086.html,https://mathworksheetkidscoloringarchive.github.io/images/printable-tracing-worksheet-for-kids-part-155-8086.jpg,Kids Math Worksheets,04/16/2026 08:28:00 PM
Math Word Problem Worksheet,Help kids master Word Problem with this printable worksheet for Grade 3. Great for daily math practice.,https://mathworksheetkidscoloringarchive.github.io/html/math-word-problem-worksheet-5736.html,https://mathworksheetkidscoloringarchive.github.io/images/math-word-problem-worksheet-5736.jpg,Homeschool Math,04/17/2026 08:30:00 AM
Printable Free 14 Addition Math Worksheet For Grade 5 - Part 157 | Printable Practice,Fun and engaging Addition worksheet for Grade 5. Perfect printable math practice.,https://mathworksheetkidscoloringarchive.github.io/html/printable-free-14-addition-math-worksheet-for-grade-5-part-157-6155.html,https://mathworksheetkidscoloringarchive.github.io/images/printable-free-14-addition-math-worksheet-for-grade-5-part-157-6155.jpg,Math Practice Printables,04/17/2026 11:08:00 AM
"Count and Color Star, Triangle, Flower Worksheet for Kids",Help kids master Count and Color with this printable worksheet for Preschool. Great for daily math practice.,https://mathworksheetkidscoloringarchive.github.io/html/count-and-color-star-triangle-flower-worksheet-for-kids-6521.html,https://mathworksheetkidscoloringarchive.github.io/images/count-and-color-star-triangle-flower-worksheet-for-kids-6521.jpg,Elementary Math Activities,04/17/2026 01:32:00 PM
Free Counting Objects Worksheet For Pre-K Printable - Part 159 | Printable Practice,Help kids master Counting Objects with this printable worksheet for Pre-K. Great for daily math practice.,https://mathworksheetkidscoloringarchive.github.io/html/free-counting-objects-worksheet-for-pre-k-printable-part-159-6439.html,https://mathworksheetkidscoloringarchive.github.io/images/free-counting-objects-worksheet-for-pre-k-printable-part-159-6439.jpg,Math Practice Printables,04/17/2026 04:32:00 PM
Printable Free 10 Division Math Worksheet For Grade 2 - Part 160 | Printable Practice,Free printable Division worksheet for Grade 2. Perfect for homeschool practice and classroom activities.,https://mathworksheetkidscoloringarchive.github.io/html/printable-free-10-division-math-worksheet-for-grade-2-part-160-1360.html,https://mathworksheetkidscoloringarchive.github.io/images/printable-free-10-division-math-worksheet-for-grade-2-part-160-1360.jpg,Math Practice Printables,04/17/2026 08:32:00 PM
Advanced Mathematics Practice Worksheet (4 Questions),Help kids master Math with this printable worksheet for Math. Great for daily math practice.,https://mathworksheetkidscoloringarchive.github.io/html/advanced-mathematics-practice-worksheet-4-questions-3115.html,https://mathworksheetkidscoloringarchive.github.io/images/advanced-mathematics-practice-worksheet-4-questions-3115.jpg,Printable Worksheets,04/18/2026 08:24:00 AM
Missing Number Math Worksheet,Free printable Missing Number worksheet for Grade 1. Perfect for homeschool practice and classroom activities.,https://mathworksheetkidscoloringarchive.github.io/html/missing-number-math-worksheet-9999.html,https://mathworksheetkidscoloringarchive.github.io/images/missing-number-math-worksheet-9999.jpg,Elementary Math Activities,04/18/2026 11:01:00 AM
Mixed Operations Math Worksheet,Free printable Mixed Operations worksheet for Grade 3. Perfect for homeschool practice and classroom activities.,https://mathworksheetkidscoloringarchive.github.io/html/mixed-operations-math-worksheet-1131.html,https://mathworksheetkidscoloringarchive.github.io/images/mixed-operations-math-worksheet-1131.jpg,Homeschool Math,04/18/2026 01:31:00 PM
Printable Free 24 Multiplication Math Worksheet For Grade 2 - Part 164 | Printable Practice,Teachers and parents love this Multiplication worksheet for Grade 2. Download and print instantly.,https://mathworksheetkidscoloringarchive.github.io/html/printable-free-24-multiplication-math-worksheet-for-grade-2-part-164-4598.html,https://mathworksheetkidscoloringarchive.github.io/images/printable-free-24-multiplication-math-worksheet-for-grade-2-part-164-4598.jpg,Elementary Math Activities,04/18/2026 04:34:00 PM
Printable Free 20 Subtraction Math Worksheet For Grade 2 - Part 165 | Printable Practice,Teachers and parents love this Subtraction worksheet for Grade 2. Download and print instantly.,https://mathworksheetkidscoloringarchive.github.io/html/printable-free-20-subtraction-math-worksheet-for-grade-2-part-165-8220.html,https://mathworksheetkidscoloringarchive.github.io/images/printable-free-20-subtraction-math-worksheet-for-grade-2-part-165-8220.jpg,Kids Math Worksheets,04/18/2026 08:24:00 PM
8 Times Table Worksheet For Grade 3 With Answers - Part 166 | Printable Practice,Fun and engaging Times Table worksheet for Grade 3. Perfect printable math practice.,https://mathworksheetkidscoloringarchive.github.io/html/8-times-table-worksheet-for-grade-3-with-answers-part-166-4652.html,https://mathworksheetkidscoloringarchive.github.io/images/8-times-table-worksheet-for-grade-3-with-answers-part-166-4652.jpg,Math Practice Printables,04/19/2026 08:30:00 AM
Printable Tracing Worksheet For Kids - Part 167 | Free Printable,Free printable Tracing worksheet for Kindergarten. Perfect for homeschool practice and classroom activities.,https://mathworksheetkidscoloringarchive.github.io/html/printable-tracing-worksheet-for-kids-part-167-7924.html,https://mathworksheetkidscoloringarchive.github.io/images/printable-tracing-worksheet-for-kids-part-167-7924.jpg,Math Practice Printables,04/19/2026 11:00:00 AM
Math Word Problem Worksheet,Fun and engaging Word Problem worksheet for Grade 3. Perfect printable math practice.,https://mathworksheetkidscoloringarchive.github.io/html/math-word-problem-worksheet-2103.html,https://mathworksheetkidscoloringarchive.github.io/images/math-word-problem-worksheet-2103.jpg,Kids Math Worksheets,04/19/2026 01:28:00 PM
Printable Free 21 Addition Math Worksheet For Grade 1 - Part 169 | Printable Practice,Fun and engaging Addition worksheet for Grade 1. Perfect printable math practice.,https://mathworksheetkidscoloringarchive.github.io/html/printable-free-21-addition-math-worksheet-for-grade-1-part-169-8189.html,https://mathworksheetkidscoloringarchive.github.io/images/printable-free-21-addition-math-worksheet-for-grade-1-part-169-8189.jpg,Elementary Math Activities,04/19/2026 04:31:00 PM
3 Free Count and Color Worksheets for Kindergarten,Fun and engaging Count and Color worksheet for Kindergarten. Perfect printable math practice.,https://mathworksheetkidscoloringarchive.github.io/html/3-free-count-and-color-worksheets-for-kindergarten-4857.html,https://mathworksheetkidscoloringarchive.github.io/images/3-free-count-and-color-worksheets-for-kindergarten-4857.jpg,Kids Math Worksheets,04/19/2026 08:30:00 PM
Free Counting Objects Worksheet For Kindergarten Printable - Part 171 | Printable Practice,Teachers and parents love this Counting Objects worksheet for Kindergarten. Download and print instantly.,https://mathworksheetkidscoloringarchive.github.io/html/free-counting-objects-worksheet-for-kindergarten-printable-part-171-2963.html,https://mathworksheetkidscoloringarchive.github.io/images/free-counting-objects-worksheet-for-kindergarten-printable-part-171-2963.jpg,Homeschool Math,04/20/2026 08:32:00 AM
Free 25 Division Math Worksheet For Grade 2 With Answers - Part 172 | Printable Practice,Fun and engaging Division worksheet for Grade 2. Perfect printable math practice.,https://mathworksheetkidscoloringarchive.github.io/html/free-25-division-math-worksheet-for-grade-2-with-answers-part-172-5570.html,https://mathworksheetkidscoloringarchive.github.io/images/free-25-division-math-worksheet-for-grade-2-with-answers-part-172-5570.jpg,Homeschool Math,04/20/2026 11:00:00 AM
Interactive Mathematics Problem Set for Students (7 Questions),Free printable Math worksheet for Math. Perfect for homeschool practice and classroom activities.,https://mathworksheetkidscoloringarchive.github.io/html/interactive-mathematics-problem-set-for-students-7-questions-1172.html,https://mathworksheetkidscoloringarchive.github.io/images/interactive-mathematics-problem-set-for-students-7-questions-1172.jpg,Homeschool Math,04/20/2026 01:36:00 PM
Missing Number Math Worksheet,Printable Missing Number worksheet designed for Grade 1 students. Easy and fun math practice.,https://mathworksheetkidscoloringarchive.github.io/html/missing-number-math-worksheet-1924.html,https://mathworksheetkidscoloringarchive.github.io/images/missing-number-math-worksheet-1924.jpg,Printable Worksheets,04/20/2026 04:29:00 PM
Mixed Operations Math Worksheet,Free printable Mixed Operations worksheet for Grade 3. Perfect for homeschool practice and classroom activities.,https://mathworksheetkidscoloringarchive.github.io/html/mixed-operations-math-worksheet-1052.html,https://mathworksheetkidscoloringarchive.github.io/images/mixed-operations-math-worksheet-1052.jpg,Homeschool Math,04/20/2026 08:30:00 PM
Free 19 Multiplication Math Worksheet For Grade 2 With Answers - Part 176 | Printable Practice,Fun and engaging Multiplication worksheet for Grade 2. Perfect printable math practice.,https://mathworksheetkidscoloringarchive.github.io/html/free-19-multiplication-math-worksheet-for-grade-2-with-answers-part-176-2035.html,https://mathworksheetkidscoloringarchive.github.io/images/free-19-multiplication-math-worksheet-for-grade-2-with-answers-part-176-2035.jpg,Elementary Math Activities,04/21/2026 08:32:00 AM
Printable Free 24 Subtraction Math Worksheet For Grade 2 - Part 177 | Printable Practice,Teachers and parents love this Subtraction worksheet for Grade 2. Download and print instantly.,https://mathworksheetkidscoloringarchive.github.io/html/printable-free-24-subtraction-math-worksheet-for-grade-2-part-177-3617.html,https://mathworksheetkidscoloringarchive.github.io/images/printable-free-24-subtraction-math-worksheet-for-grade-2-part-177-3617.jpg,Kids Math Worksheets,04/21/2026 11:06:00 AM
2 Times Table Worksheet For Grade 2 With Answers - Part 178 | Printable Practice,Fun and engaging Times Table worksheet for Grade 2. Perfect printable math practice.,https://mathworksheetkidscoloringarchive.github.io/html/2-times-table-worksheet-for-grade-2-with-answers-part-178-2760.html,https://mathworksheetkidscoloringarchive.github.io/images/2-times-table-worksheet-for-grade-2-with-answers-part-178-2760.jpg,Printable Worksheets,04/21/2026 01:34:00 PM
Printable Tracing Worksheet For Kids - Part 179 | Free Printable,Printable Tracing worksheet designed for Kindergarten students. Easy and fun math practice.,https://mathworksheetkidscoloringarchive.github.io/html/printable-tracing-worksheet-for-kids-part-179-3546.html,https://mathworksheetkidscoloringarchive.github.io/images/printable-tracing-worksheet-for-kids-part-179-3546.jpg,Printable Worksheets,04/21/2026 04:25:00 PM
Math Word Problem Worksheet,Fun and engaging Word Problem worksheet for Grade 3. Perfect printable math practice.,https://mathworksheetkidscoloringarchive.github.io/html/math-word-problem-worksheet-2246.html,https://mathworksheetkidscoloringarchive.github.io/images/math-word-problem-worksheet-2246.jpg,Elementary Math Activities,04/21/2026 08:36:00 PM
Printable Free 27 Addition Math Worksheet For Grade 5 - Part 181 | Printable Practice,Help kids master Addition with this printable worksheet for Grade 5. Great for daily math practice.,https://mathworksheetkidscoloringarchive.github.io/html/printable-free-27-addition-math-worksheet-for-grade-5-part-181-5274.html,https://mathworksheetkidscoloringarchive.github.io/images/printable-free-27-addition-math-worksheet-for-grade-5-part-181-5274.jpg,Elementary Math Activities,04/22/2026 08:25:00 AM
4 Free Count and Color Worksheets for Kindergarten,Fun and engaging Count and Color worksheet for Kindergarten. Perfect printable math practice.,https://mathworksheetkidscoloringarchive.github.io/html/4-free-count-and-color-worksheets-for-kindergarten-2919.html,https://mathworksheetkidscoloringarchive.github.io/images/4-free-count-and-color-worksheets-for-kindergarten-2919.jpg,Kids Math Worksheets,04/22/2026 11:08:00 AM
Free Counting Objects Worksheet For Kindergarten Printable - Part 183 | Printable Practice,Teachers and parents love this Counting Objects worksheet for Kindergarten. Download and print instantly.,https://mathworksheetkidscoloringarchive.github.io/html/free-counting-objects-worksheet-for-kindergarten-printable-part-183-4340.html,https://mathworksheetkidscoloringarchive.github.io/images/free-counting-objects-worksheet-for-kindergarten-printable-part-183-4340.jpg,Kids Math Worksheets,04/22/2026 01:29:00 PM
Free 29 Division Math Worksheet For Grade 1 - Part 184 | Printable Practice,Fun and engaging Division worksheet for Grade 1. Perfect printable math practice.,https://mathworksheetkidscoloringarchive.github.io/html/free-29-division-math-worksheet-for-grade-1-part-184-8903.html,https://mathworksheetkidscoloringarchive.github.io/images/free-29-division-math-worksheet-for-grade-1-part-184-8903.jpg,Kids Math Worksheets,04/22/2026 04:22:00 PM
Complete Mathematics Quiz Worksheet,Help kids master Math with this printable worksheet for Math. Great for daily math practice.,https://mathworksheetkidscoloringarchive.github.io/html/complete-mathematics-quiz-worksheet-1435.html,https://mathworksheetkidscoloringarchive.github.io/images/complete-mathematics-quiz-worksheet-1435.jpg,Math Practice Printables,04/22/2026 08:33:00 PM
Missing Number Math Worksheet,Printable Missing Number worksheet designed for Grade 1 students. Easy and fun math practice.,https://mathworksheetkidscoloringarchive.github.io/html/missing-number-math-worksheet-8859.html,https://mathworksheetkidscoloringarchive.github.io/images/missing-number-math-worksheet-8859.jpg,Math Practice Printables,04/23/2026 08:27:00 AM
Mixed Operations Math Worksheet,Free printable Mixed Operations worksheet for Grade 3. Perfect for homeschool practice and classroom activities.,https://mathworksheetkidscoloringarchive.github.io/html/mixed-operations-math-worksheet-3555.html,https://mathworksheetkidscoloringarchive.github.io/images/mixed-operations-math-worksheet-3555.jpg,Math Practice Printables,04/23/2026 11:00:00 AM
Printable Free 11 Multiplication Math Worksheet For Grade 2 - Part 188 | Printable Practice,Free printable Multiplication worksheet for Grade 2. Perfect for homeschool practice and classroom activities.,https://mathworksheetkidscoloringarchive.github.io/html/printable-free-11-multiplication-math-worksheet-for-grade-2-part-188-9530.html,https://mathworksheetkidscoloringarchive.github.io/images/printable-free-11-multiplication-math-worksheet-for-grade-2-part-188-9530.jpg,Homeschool Math,04/23/2026 01:29:00 PM
Printable Free 28 Subtraction Math Worksheet For Grade 2 - Part 189 | Printable Practice,Teachers and parents love this Subtraction worksheet for Grade 2. Download and print instantly.,https://mathworksheetkidscoloringarchive.github.io/html/printable-free-28-subtraction-math-worksheet-for-grade-2-part-189-4155.html,https://mathworksheetkidscoloringarchive.github.io/images/printable-free-28-subtraction-math-worksheet-for-grade-2-part-189-4155.jpg,Math Practice Printables,04/23/2026 04:34:00 PM
Printable 5 Times Table Worksheet For Grade 2 - Part 190 | Printable Practice,Printable Times Table worksheet designed for Grade 2 students. Easy and fun math practice.,https://mathworksheetkidscoloringarchive.github.io/html/printable-5-times-table-worksheet-for-grade-2-part-190-2508.html,https://mathworksheetkidscoloringarchive.github.io/images/printable-5-times-table-worksheet-for-grade-2-part-190-2508.jpg,Math Practice Printables,04/23/2026 08:38:00 PM
Printable Tracing Worksheet For Kids - Part 191 | Free Printable,Fun and engaging Tracing worksheet for Kindergarten. Perfect printable math practice.,https://mathworksheetkidscoloringarchive.github.io/html/printable-tracing-worksheet-for-kids-part-191-9384.html,https://mathworksheetkidscoloringarchive.github.io/images/printable-tracing-worksheet-for-kids-part-191-9384.jpg,Homeschool Math,04/24/2026 08:33:00 AM
Math Word Problem Worksheet,Printable Word Problem worksheet designed for Grade 3 students. Easy and fun math practice.,https://mathworksheetkidscoloringarchive.github.io/html/math-word-problem-worksheet-4526.html,https://mathworksheetkidscoloringarchive.github.io/images/math-word-problem-worksheet-4526.jpg,Homeschool Math,04/24/2026 11:00:00 AM
Printable Free 13 Addition Math Worksheet For Grade 1 - Part 193 | Printable Practice,Teachers and parents love this Addition worksheet for Grade 1. Download and print instantly.,https://mathworksheetkidscoloringarchive.github.io/html/printable-free-13-addition-math-worksheet-for-grade-1-part-193-5967.html,https://mathworksheetkidscoloringarchive.github.io/images/printable-free-13-addition-math-worksheet-for-grade-1-part-193-5967.jpg,Elementary Math Activities,04/24/2026 01:33:00 PM
Printable Count and Color Worksheet for Kindergarten Kids,Fun and engaging Count and Color worksheet for Kindergarten. Perfect printable math practice.,https://mathworksheetkidscoloringarchive.github.io/html/printable-count-and-color-worksheet-for-kindergarten-kids-7192.html,https://mathworksheetkidscoloringarchive.github.io/images/printable-count-and-color-worksheet-for-kindergarten-kids-7192.jpg,Homeschool Math,04/24/2026 04:35:00 PM
Free Counting Objects Worksheet For Kindergarten - Part 195 | Printable Practice,Teachers and parents love this Counting Objects worksheet for Kindergarten. Download and print instantly.,https://mathworksheetkidscoloringarchive.github.io/html/free-counting-objects-worksheet-for-kindergarten-part-195-2394.html,https://mathworksheetkidscoloringarchive.github.io/images/free-counting-objects-worksheet-for-kindergarten-part-195-2394.jpg,Kids Math Worksheets,04/24/2026 08:34:00 PM
Free 10 Division Math Worksheet For Grade 1 With Answers - Part 196 | Printable Practice,Free printable Division worksheet for Grade 1. Perfect for homeschool practice and classroom activities.,https://mathworksheetkidscoloringarchive.github.io/html/free-10-division-math-worksheet-for-grade-1-with-answers-part-196-7874.html,https://mathworksheetkidscoloringarchive.github.io/images/free-10-division-math-worksheet-for-grade-1-with-answers-part-196-7874.jpg,Kids Math Worksheets,04/25/2026 08:35:00 AM
7 Math Questions Practice Worksheet,Fun and engaging Math worksheet for Math. Perfect printable math practice.,https://mathworksheetkidscoloringarchive.github.io/html/7-math-questions-practice-worksheet-4784.html,https://mathworksheetkidscoloringarchive.github.io/images/7-math-questions-practice-worksheet-4784.jpg,Printable Worksheets,04/25/2026 11:00:00 AM
Missing Number Math Worksheet,Teachers and parents love this Missing Number worksheet for Grade 1. Download and print instantly.,https://mathworksheetkidscoloringarchive.github.io/html/missing-number-math-worksheet-3768.html,https://mathworksheetkidscoloringarchive.github.io/images/missing-number-math-worksheet-3768.jpg,Homeschool Math,04/25/2026 01:27:00 PM
Mixed Operations Math Worksheet,Printable Mixed Operations worksheet designed for Grade 3 students. Easy and fun math practice.,https://mathworksheetkidscoloringarchive.github.io/html/mixed-operations-math-worksheet-1177.html,https://mathworksheetkidscoloringarchive.github.io/images/mixed-operations-math-worksheet-1177.jpg,Elementary Math Activities,04/25/2026 04:24:00 PM
Printable Free 10 Multiplication Math Worksheet For Grade 2 - Part 200 | Printable Practice,Teachers and parents love this Multiplication worksheet for Grade 2. Download and print instantly.,https://mathworksheetkidscoloringarchive.github.io/html/printable-free-10-multiplication-math-worksheet-for-grade-2-part-200-1705.html,https://mathworksheetkidscoloringarchive.github.io/images/printable-free-10-multiplication-math-worksheet-for-grade-2-part-200-1705.jpg,Kids Math Worksheets,04/25/2026 08:29:00 PM
